transcript,pos,mismatches,window,pfs,pfs_mm,pfs_match,pfs_tolerant
ENST00000257430.9|ENSG00000134982.19|OTTHUMG00000128806.7|OTTHUMT00000250738.2|APC-201|APC|10704|protein_coding|,3921,0,GATGTAATCAGACGACACAGGAAG,CAGAT,3,False,False
ENST00000502371.3|ENSG00000134982.19|OTTHUMG00000128806.7|OTTHUMT00000370797.2|APC-202|APC|3942|nonsense_mediated_decay|,3527,0,GATGTAATCAGACGACACAGGAAG,CAGAT,3,False,False
ENST00000504915.3|ENSG00000134982.19|OTTHUMG00000128806.7|OTTHUMT00000370800.2|APC-203|APC|9496|protein_coding|,3972,0,GATGTAATCAGACGACACAGGAAG,CAGAT,3,False,False
ENST00000505350.2|ENSG00000134982.19|OTTHUMG00000128806.7|OTTHUMT00000371805.2|APC-205|APC|10920|nonsense_mediated_decay|,4242,0,GATGTAATCAGACGACACAGGAAG,CAGAT,3,False,False
ENST00000507379.6|ENSG00000134982.19|OTTHUMG00000128806.7|OTTHUMT00000370792.1|APC-206|APC|8674|protein_coding|,4004,0,GATGTAATCAGACGACACAGGAAG,CAGAT,3,False,False
ENST00000508376.6|ENSG00000134982.19|OTTHUMG00000128806.7|OTTHUMT00000370794.2|APC-207|APC|10619|protein_coding|,4019,0,GATGTAATCAGACGACACAGGAAG,CAGAT,3,False,False
ENST00000508624.5|ENSG00000134982.19|OTTHUMG00000128806.7|OTTHUMT00000370793.1|APC-208|APC|7406|nonsense_mediated_decay|,4107,0,GATGTAATCAGACGACACAGGAAG,CAGAT,3,False,False
ENST00000509732.6|ENSG00000134982.19|OTTHUMG00000128806.7|OTTHUMT00000370798.1|APC-209|APC|10616|protein_coding|,4012,0,GATGTAATCAGACGACACAGGAAG,CAGAT,3,False,False
ENST00000512211.7|ENSG00000134982.19|OTTHUMG00000128806.7|OTTHUMT00000370795.2|APC-210|APC|9737|protein_coding|,4213,0,GATGTAATCAGACGACACAGGAAG,CAGAT,3,False,False
ENST00000713636.1|ENSG00000134982.19|OTTHUMG00000128806.7|-|APC-211|APC|6337|nonsense_mediated_decay|,4044,0,GATGTAATCAGACGACACAGGAAG,CAGAT,3,False,False
ENST00000713637.1|ENSG00000134982.19|OTTHUMG00000128806.7|-|APC-212|APC|9219|nonsense_mediated_decay|,3695,0,GATGTAATCAGACGACACAGGAAG,CAGAT,3,False,False
ENST00000713638.1|ENSG00000134982.19|OTTHUMG00000128806.7|-|APC-213|APC|8702|protein_coding|,3703,0,GATGTAATCAGACGACACAGGAAG,CAGAT,3,False,False
ENST00000713639.1|ENSG00000134982.19|OTTHUMG00000128806.7|-|APC-214|APC|9148|protein_coding|,3624,0,GATGTAATCAGACGACACAGGAAG,CAGAT,3,False,False
ENST00000302271.11|ENSG00000125944.22|OTTHUMG00000003224.6|OTTHUMT00000008887.2|HNRNPR-201|HNRNPR|7751|protein_coding|,497,4,GATGTAACCACAGGACAGAGGAAG,TATGG,3,False,False
ENST00000374612.5|ENSG00000125944.22|OTTHUMG00000003224.6|OTTHUMT00000008889.1|HNRNPR-202|HNRNPR|2694|protein_coding|,538,4,GATGTAACCACAGGACAGAGGAAG,TATGG,3,False,False
ENST00000374616.7|ENSG00000125944.22|OTTHUMG00000003224.6|OTTHUMT00000008888.1|HNRNPR-203|HNRNPR|2691|protein_coding|,523,4,GATGTAACCACAGGACAGAGGAAG,TATGG,3,False,False
ENST00000470941.6|ENSG00000125944.22|OTTHUMG00000003224.6|OTTHUMT00000091252.2|HNRNPR-206|HNRNPR|7574|protein_coding|,497,4,GATGTAACCACAGGACAGAGGAAG,TATGG,3,False,False
ENST00000476451.3|ENSG00000125944.22|OTTHUMG00000003224.6|OTTHUMT00000008894.1|HNRNPR-207|HNRNPR|2518|protein_coding|,429,4,GATGTAACCACAGGACAGAGGAAG,TATGG,3,False,False
ENST00000478691.5|ENSG00000125944.22|OTTHUMG00000003224.6|OTTHUMT00000008890.3|HNRNPR-209|HNRNPR|7646|protein_coding|,383,4,GATGTAACCACAGGACAGAGGAAG,TATGG,3,False,False
