oligo_name,target,scaffold_desc,sequence_5to3_RNA,length_nt,spacer_dna_ref
GF_TP53_R248Q_WT,TP53-R248Q,WT,AAUUUCUACUGUUGUAGAUGUUCAUGCCGCCCAUGCAGGAACU,43,GTTCATGCCGCCCATGCAGGAACT
GF_TP53_R248Q_A8CU15G,TP53-R248Q,A8C+U15G,AAUUUCUCCUGUUGGAGAUGUUCAUGCCGCCCAUGCAGGAACU,43,GTTCATGCCGCCCATGCAGGAACT
GF_TP53_R248Q_A1GU3AA8GU15C,TP53-R248Q,A1G+U3A+A8G+U15C,GAAUUCUGCUGUUGCAGAUGUUCAUGCCGCCCAUGCAGGAACU,43,GTTCATGCCGCCCATGCAGGAACT
GF_TP53_R248Q_A1C,TP53-R248Q,A1C,CAUUUCUACUGUUGUAGAUGUUCAUGCCGCCCAUGCAGGAACU,43,GTTCATGCCGCCCATGCAGGAACT
GF_TP53_R248Q_A1U,TP53-R248Q,A1U,UAUUUCUACUGUUGUAGAUGUUCAUGCCGCCCAUGCAGGAACU,43,GTTCATGCCGCCCATGCAGGAACT
GF_TP53_R248Q_U5GA18C,TP53-R248Q,U5G+A18C,AAUUGCUACUGUUGUAGCUGUUCAUGCCGCCCAUGCAGGAACU,43,GTTCATGCCGCCCATGCAGGAACT
GF_TP53_R248Q_A1UA2C,TP53-R248Q,A1U+A2C,UCUUUCUACUGUUGUAGAUGUUCAUGCCGCCCAUGCAGGAACU,43,GTTCATGCCGCCCATGCAGGAACT
GF_TP53_R248Q_B_break_compensate,TP53-R248Q,B_break_compensate,AAUUUCUACAGGUGUAGAGGUUCAUGCCGCCCAUGCAGGAACU,43,GTTCATGCCGCCCATGCAGGAACT
GF_KRAS_G12D_WT,KRAS-G12D,WT,AAUUUCUACUGUUGUAGAUCAGCUCCAACUACCACAAGUUUAU,43,CAGCTCCAACTACCACAAGTTTAT
GF_KRAS_G12D_A8CU15G,KRAS-G12D,A8C+U15G,AAUUUCUCCUGUUGGAGAUCAGCUCCAACUACCACAAGUUUAU,43,CAGCTCCAACTACCACAAGTTTAT
GF_KRAS_G12D_A1GU3AA8GU15C,KRAS-G12D,A1G+U3A+A8G+U15C,GAAUUCUGCUGUUGCAGAUCAGCUCCAACUACCACAAGUUUAU,43,CAGCTCCAACTACCACAAGTTTAT
GF_KRAS_G12D_A1C,KRAS-G12D,A1C,CAUUUCUACUGUUGUAGAUCAGCUCCAACUACCACAAGUUUAU,43,CAGCTCCAACTACCACAAGTTTAT
GF_KRAS_G12D_A1U,KRAS-G12D,A1U,UAUUUCUACUGUUGUAGAUCAGCUCCAACUACCACAAGUUUAU,43,CAGCTCCAACTACCACAAGTTTAT
GF_KRAS_G12D_U5GA18C,KRAS-G12D,U5G+A18C,AAUUGCUACUGUUGUAGCUCAGCUCCAACUACCACAAGUUUAU,43,CAGCTCCAACTACCACAAGTTTAT
GF_KRAS_G12D_A1UA2C,KRAS-G12D,A1U+A2C,UCUUUCUACUGUUGUAGAUCAGCUCCAACUACCACAAGUUUAU,43,CAGCTCCAACTACCACAAGTTTAT
GF_KRAS_G12D_B_break_compensate,KRAS-G12D,B_break_compensate,AAUUUCUACAGGUGUAGAGCAGCUCCAACUACCACAAGUUUAU,43,CAGCTCCAACTACCACAAGTTTAT
GF_TP53_R273H_WT,TP53-R273H,WT,AAUUUCUACUGUUGUAGAUCACCUCAAAGCUGUUCCGUCCCAG,43,CACCTCAAAGCTGTTCCGTCCCAG
GF_TP53_R273H_A8CU15G,TP53-R273H,A8C+U15G,AAUUUCUCCUGUUGGAGAUCACCUCAAAGCUGUUCCGUCCCAG,43,CACCTCAAAGCTGTTCCGTCCCAG
GF_TP53_R273H_A1GU3AA8GU15C,TP53-R273H,A1G+U3A+A8G+U15C,GAAUUCUGCUGUUGCAGAUCACCUCAAAGCUGUUCCGUCCCAG,43,CACCTCAAAGCTGTTCCGTCCCAG
GF_TP53_R273H_A1C,TP53-R273H,A1C,CAUUUCUACUGUUGUAGAUCACCUCAAAGCUGUUCCGUCCCAG,43,CACCTCAAAGCTGTTCCGTCCCAG
GF_TP53_R273H_A1U,TP53-R273H,A1U,UAUUUCUACUGUUGUAGAUCACCUCAAAGCUGUUCCGUCCCAG,43,CACCTCAAAGCTGTTCCGTCCCAG
GF_TP53_R273H_U5GA18C,TP53-R273H,U5G+A18C,AAUUGCUACUGUUGUAGCUCACCUCAAAGCUGUUCCGUCCCAG,43,CACCTCAAAGCTGTTCCGTCCCAG
GF_TP53_R273H_A1UA2C,TP53-R273H,A1U+A2C,UCUUUCUACUGUUGUAGAUCACCUCAAAGCUGUUCCGUCCCAG,43,CACCTCAAAGCTGTTCCGTCCCAG
GF_TP53_R273H_B_break_compensate,TP53-R273H,B_break_compensate,AAUUUCUACAGGUGUAGAGCACCUCAAAGCUGUUCCGUCCCAG,43,CACCTCAAAGCTGTTCCGTCCCAG
GF_APC_Q1312x_WT,APC-Q1312x,WT,AAUUUCUACUGUUGUAGAUCUUCCUGUGUCGUCUGAUUACAUC,43,CTTCCTGTGTCGTCTGATTACATC
GF_APC_Q1312x_A8CU15G,APC-Q1312x,A8C+U15G,AAUUUCUCCUGUUGGAGAUCUUCCUGUGUCGUCUGAUUACAUC,43,CTTCCTGTGTCGTCTGATTACATC
GF_APC_Q1312x_A1GU3AA8GU15C,APC-Q1312x,A1G+U3A+A8G+U15C,GAAUUCUGCUGUUGCAGAUCUUCCUGUGUCGUCUGAUUACAUC,43,CTTCCTGTGTCGTCTGATTACATC
GF_APC_Q1312x_A1C,APC-Q1312x,A1C,CAUUUCUACUGUUGUAGAUCUUCCUGUGUCGUCUGAUUACAUC,43,CTTCCTGTGTCGTCTGATTACATC
GF_APC_Q1312x_A1U,APC-Q1312x,A1U,UAUUUCUACUGUUGUAGAUCUUCCUGUGUCGUCUGAUUACAUC,43,CTTCCTGTGTCGTCTGATTACATC
GF_APC_Q1312x_U5GA18C,APC-Q1312x,U5G+A18C,AAUUGCUACUGUUGUAGCUCUUCCUGUGUCGUCUGAUUACAUC,43,CTTCCTGTGTCGTCTGATTACATC
GF_APC_Q1312x_A1UA2C,APC-Q1312x,A1U+A2C,UCUUUCUACUGUUGUAGAUCUUCCUGUGUCGUCUGAUUACAUC,43,CTTCCTGTGTCGTCTGATTACATC
GF_APC_Q1312x_B_break_compensate,APC-Q1312x,B_break_compensate,AAUUUCUACAGGUGUAGAGCUUCCUGUGUCGUCUGAUUACAUC,43,CTTCCTGTGTCGTCTGATTACATC
