rank_lit,desc,lit_pred_activity,ddG_dr,pipeline_score,feat_ddG_dr,feat_bp_dist,feat_cross_nt,feat_p_fold,feat_spacer_up
1,WT,0.6094,0.0,0.0,0.0,0,0,0.86603,0.427
2,A1C,0.6094,0.0,-0.0001,0.0,0,0,0.86558,0.426
3,A1U,0.6094,0.0,-0.0001,0.0,0,0,0.86574,0.426
4,A1G,0.6094,0.0,-0.012,0.0,0,0,0.86681,0.429
5,A1U+U3A,0.6094,0.0,-0.5486,0.0,0,0,0.85338,0.426
6,U3A,0.6094,0.0,-0.5495,0.0,0,0,0.85389,0.426
7,A1C+U3A,0.6094,0.0,-0.5507,0.0,0,0,0.85026,0.426
8,A1U+U3G,0.6094,0.0,-0.5537,0.0,0,0,0.84601,0.426
9,U3G,0.6094,0.0,-0.5553,0.0,0,0,0.84539,0.426
10,A1C+U3G,0.6094,0.0,-0.5596,0.0,0,0,0.83429,0.426
11,A1U+U3C,0.6094,0.0,-0.5672,0.0,0,0,0.86108,0.431
12,A1C+U3C,0.6094,0.0,-0.5685,0.0,0,0,0.86834,0.432
13,A1G+U3G,0.6094,0.0,-0.5839,0.0,0,0,0.84655,0.43
14,U3C,0.6094,0.0,-0.6054,0.0,0,0,0.87072,0.438
15,A1U+A16G,0.6094,0.3,-0.6069,0.3,0,0,0.74523,0.429
16,A16G,0.6094,0.3,-0.6103,0.3,0,0,0.74599,0.429
17,G11A,0.6094,0.0,-0.6364,0.0,0,0,0.86613,0.427
18,A1C+G11A,0.6094,0.0,-0.6364,0.0,0,0,0.8657,0.426
19,A1C+G11C,0.6094,0.0,-0.6375,0.0,0,0,0.86037,0.427
20,A1U+G11C,0.6094,0.0,-0.6375,0.0,0,0,0.86059,0.426
21,G11C,0.6094,0.0,-0.6398,0.0,0,0,0.86083,0.427
22,A1G+G11C,0.6094,0.0,-0.6517,0.0,0,0,0.86157,0.429
23,A1G+U3C,0.6094,0.0,-0.6673,0.0,0,0,0.87502,0.448
24,A1U+A8G,0.6094,0.0,-0.7135,0.0,0,0,0.63873,0.431
25,A8G,0.6094,0.0,-0.7182,0.0,0,0,0.63768,0.432
26,A2C,0.6094,0.0,-0.7272,0.0,0,0,0.86631,0.426
27,A1G+A2C,0.6094,0.0,-0.7272,0.0,0,0,0.86628,0.426
28,A1C+A2G,0.6094,0.0,-0.728,0.0,0,0,0.8625,0.426
29,A2G,0.6094,0.0,-0.7285,0.0,0,0,0.86013,0.426
30,A1G+U3A,0.6094,0.0,-0.7676,0.0,0,0,0.86644,0.456
31,U19C,0.6094,0.1,-1.0621,0.1,0,0,0.84705,0.426
32,A1G+U19C,0.6094,0.1,-1.0671,0.1,0,0,0.85047,0.427
33,U3A+A8G,0.6094,0.0,-1.1417,0.0,0,0,0.78881,0.428
34,A1C+U3G+G11A,0.6094,0.0,-1.1842,0.0,0,0,0.85462,0.426
35,A1U+U3G+G11C,0.6094,0.0,-1.1864,0.0,0,0,0.85097,0.426
36,A1C+U3A+G11A,0.6094,0.0,-1.1865,0.0,0,0,0.85168,0.426
37,U10A,0.6094,0.6,-1.1984,0.6,0,0,0.86015,0.427
38,A1U+U10G,0.6094,0.6,-1.202,0.6,0,0,0.84812,0.427
39,U10G,0.6094,0.6,-1.2058,0.6,0,0,0.84912,0.427
40,U3C+G11C,0.6094,0.0,-1.2441,0.0,0,0,0.86764,0.438
41,U13C,0.6094,0.7,-1.252,0.7,0,0,0.85791,0.427
42,U4C,0.6094,0.0,-1.2564,0.0,0,0,0.8472,0.426
43,A1G+U3C+A8G,0.6094,0.0,-1.2637,0.0,0,0,0.79646,0.45
44,A1G+U13C,0.6094,0.7,-1.2674,0.7,0,0,0.84943,0.429
45,A2U+U3C,0.6094,0.0,-1.2749,0.0,0,0,0.85496,0.426
46,U10C,0.6094,1.3,-1.275,1.3,0,0,0.83964,0.427
47,A1C+A2U+U3A,0.6094,0.0,-1.2754,0.0,0,0,0.85275,0.426
48,A2U+U3G,0.6094,0.0,-1.2782,0.0,0,0,0.84983,0.426
49,A1C+A2G+U3A,0.6094,0.0,-1.2809,0.0,0,0,0.8494,0.426
50,A1U+A2C+U3A,0.6094,0.0,-1.282,0.0,0,0,0.85328,0.427
51,A1C+A2C+U3A,0.6094,0.0,-1.2885,0.0,0,0,0.85022,0.428
52,A2G+U3G,0.6094,0.0,-1.2891,0.0,0,0,0.84039,0.427
53,U13A,0.6094,1.1,-1.3028,1.1,0,0,0.8334,0.427
54,A1G+U13A,0.6094,1.1,-1.3154,1.1,0,0,0.83276,0.429
55,A1C+A2G+U3G,0.6094,0.0,-1.3166,0.0,0,0,0.84058,0.434
56,A1G+A2C+U3G,0.6094,0.0,-1.3278,0.0,0,0,0.83395,0.434
57,A2C+A16G,0.6094,0.3,-1.334,0.3,0,0,0.74519,0.429
58,C6G+G17C,0.6094,0.2,-1.352,0.2,0,0,0.80352,0.427
59,A1U+C9U,0.6094,2.0,-1.3613,2.0,0,0,0.77791,0.426
60,A2G+G11A,0.6094,0.0,-1.3641,0.0,0,0,0.86356,0.426
61,A1C+A2C+G11C,0.6094,0.0,-1.3646,0.0,0,0,0.86097,0.426
62,A1U+A2C+G11C,0.6094,0.0,-1.3648,0.0,0,0,0.86033,0.426
63,C9U,0.6094,2.0,-1.3653,2.0,0,0,0.7783,0.427
64,A1G+C9U,0.6094,2.0,-1.378,2.0,0,0,0.77708,0.429
65,A1G+A2G+U3G,0.6094,0.0,-1.3851,0.0,0,0,0.85275,0.468
66,A8U+U15A,0.6094,0.2,-1.3871,0.2,0,0,0.85145,0.427
67,U12A,0.6094,0.0,-1.4095,0.0,0,0,0.86496,0.427
68,U12C,0.6094,0.0,-1.4105,0.0,0,0,0.86397,0.427
69,A1U+U12G,0.6094,0.0,-1.4107,0.0,0,0,0.85781,0.426
70,U12G,0.6094,0.0,-1.4143,0.0,0,0,0.85872,0.427
71,A1G+U12C,0.6094,0.0,-1.4225,0.0,0,0,0.86474,0.429
72,A1C+U3G+A8G,0.6094,0.0,-1.4279,0.0,0,0,0.44699,0.431
73,A2C+A8G,0.6094,0.0,-1.459,0.0,0,0,0.61621,0.431
74,U15A,0.6094,4.7,-1.4644,4.7,1,0,0.0,0.429
75,A1G+U15A,0.6094,4.7,-1.472,4.7,1,0,0.0,0.43
76,C6A+G17U,0.6094,2.1,-1.552,2.1,0,0,0.7901,0.427
77,A1U+A16C,0.6094,4.6,-1.5645,4.6,1,0,0.0,0.431
78,C6G+G17U,0.6094,2.1,-1.5658,2.1,0,0,0.74733,0.427
79,A16C,0.6094,4.6,-1.5692,4.6,1,0,0.0,0.431
80,A1U+U15C,0.6094,4.7,-1.5745,4.7,1,0,0.0,0.451
81,U15C,0.6094,4.7,-1.5778,4.7,1,0,0.0,0.451
82,U7A+A16U,0.6094,0.4,-1.5842,0.4,0,0,0.86258,0.427
83,A1U+A18G,0.6094,1.1,-1.6023,1.1,0,0,0.3032,0.439
84,A1C+A18G,0.6094,1.1,-1.6034,1.1,0,0,0.30344,0.439
85,A18G,0.6094,1.1,-1.6039,1.1,0,0,0.30475,0.439
86,A1U+U3A+U19C,0.6094,0.1,-1.6076,0.1,0,0,0.84669,0.425
87,A1G+A18G,0.6094,1.1,-1.6148,1.1,0,0,0.30463,0.44
88,U7G+A16U,0.6094,0.7,-1.616,0.7,0,0,0.85752,0.427
89,U3C+U19C,0.6094,0.1,-1.6326,0.1,0,0,0.84875,0.431
90,G14A,0.6094,4.0,-1.6379,4.0,1,0,0.0,0.428
91,A1U+G14A,0.6094,4.0,-1.6464,4.0,1,0,0.0,0.427
92,U7G,0.6094,4.6,-1.6627,4.6,1,0,0.0,0.429
93,G14C,0.6094,3.9,-1.6704,3.9,1,0,0.0,0.429
94,U7A,0.6094,4.6,-1.6953,4.6,1,0,0.0,0.429
95,U3G+U19C,0.6094,0.1,-1.6959,0.1,0,0,0.6687,0.426
96,A1C+U3G+U19C,0.6094,0.1,-1.6978,0.1,0,0,0.66317,0.425
97,U7C,0.6094,4.6,-1.7009,4.6,1,0,0.0,0.433
98,A1G+U3G+U19C,0.6094,0.1,-1.7029,0.1,0,0,0.67269,0.427
99,A1U+U13G,0.6094,1.1,-1.7266,1.1,0,0,0.29848,0.452
100,U13G,0.6094,1.1,-1.729,1.1,0,0,0.29967,0.452
101,A1U+U3A+U10G,0.6094,0.6,-1.7508,0.6,0,0,0.84159,0.426
102,A1G+U13G,0.6094,1.1,-1.7799,1.1,0,0,0.26194,0.454
103,A1G+U3G+U10A,0.6094,0.6,-1.7799,0.6,0,0,0.84442,0.43
104,U10G+A16G,0.6094,0.9,-1.8128,0.9,0,0,0.73313,0.43
105,A1U+U3A+U4C,0.6094,0.0,-1.817,0.0,0,0,0.86365,0.43
106,A1U+U3G+U13C,0.6094,0.7,-1.8214,0.7,0,0,0.81617,0.426
107,U3G+U13C,0.6094,0.7,-1.8245,0.7,0,0,0.81433,0.426
108,U10G+G11A,0.6094,0.6,-1.8346,0.6,0,0,0.86031,0.427
109,U10G+G11C,0.6094,0.6,-1.8352,0.6,0,0,0.8594,0.427
110,A1C+U3G+U13C,0.6094,0.7,-1.8373,0.7,0,0,0.7823,0.426
111,G11U+U13G,0.6094,0.2,-1.8391,0.2,0,0,0.85943,0.427
112,A1U+U3G+U10C,0.6094,1.3,-1.8445,1.3,0,0,0.79952,0.426
113,A1G+U10G+G11C,0.6094,0.6,-1.8472,0.6,0,0,0.86011,0.429
114,A1C+U3A+U13A,0.6094,1.1,-1.8477,1.1,0,0,0.83066,0.426
115,U3G+U10C,0.6094,1.3,-1.8485,1.3,0,0,0.79534,0.426
116,A1C+U3G+U10C,0.6094,1.3,-1.8488,1.3,0,0,0.7946,0.426
117,A1G+U3C+U4C,0.6094,0.0,-1.8705,0.0,0,0,0.87611,0.44
118,C9G+G14C,0.6094,0.6,-1.8789,0.6,0,0,0.85662,0.427
119,A1G+U3G+U10C,0.6094,1.3,-1.879,1.3,0,0,0.79323,0.431
120,A1C+U3G+A16G,0.6094,0.3,-1.8794,0.3,0,0,0.00033,0.368
121,U3C+U10C,0.6094,1.3,-1.8809,1.3,0,0,0.84207,0.438
122,A1C+G11A+U13C,0.6094,0.7,-1.8872,0.7,0,0,0.85791,0.426
123,U4C+G11C,0.6094,0.0,-1.896,0.0,0,0,0.8423,0.427
124,U10C+G11C,0.6094,1.3,-1.9142,1.3,0,0,0.83557,0.427
125,U5G+A18U,0.6094,0.2,-1.9205,0.2,0,0,0.68863,0.427
126,A2C+U10A,0.6094,0.6,-1.9248,0.6,0,0,0.86006,0.426
127,A1G+U3C+U10C,0.6094,1.3,-1.9427,1.3,0,0,0.8458,0.448
128,C9G,0.6094,3.0,-1.9438,3.0,1,0,0.0,0.427
129,G11C+U13G,0.6094,1.1,-1.9442,1.1,0,0,0.82551,0.427
130,A1C+U3A+U12A,0.6094,0.0,-1.9586,0.0,0,0,0.85312,0.426
131,A1U+U3A+U12C,0.6094,0.0,-1.9588,0.0,0,0,0.85182,0.426
132,A1C+U3A+U12C,0.6094,0.0,-1.9596,0.0,0,0,0.85189,0.426
133,A1C+U3A+U12G,0.6094,0.0,-1.9602,0.0,0,0,0.85101,0.426
134,C6G+A16G+G17C,0.6094,0.2,-1.9819,0.2,0,0,0.62162,0.433
135,A1G+U3G+U10G,0.6094,0.6,-1.9854,0.6,0,0,0.57802,0.435
136,A2G+U10A,0.6094,0.6,-1.9954,0.6,0,0,0.76435,0.426
137,A2C+U10C,0.6094,1.3,-1.9989,1.3,0,0,0.83995,0.426
138,U5A+A18U,0.6094,0.5,-2.0004,0.5,0,0,0.56858,0.427
139,A8U+U15G,0.6094,0.7,-2.0562,0.7,0,0,0.05696,0.43
140,A1U+C9A,0.6094,3.8,-2.0624,3.8,1,0,0.0,0.427
141,C9A,0.6094,3.8,-2.0627,3.8,1,0,0.0,0.427
142,A1U+G11C+U15A,0.6094,4.7,-2.089,4.7,1,0,0.0,0.428
143,C9U+G14A,0.6094,2.3,-2.0893,2.3,0,0,0.73129,0.427
144,A1U+U3G+U12G,0.6094,0.0,-2.0899,0.0,0,0,0.68332,0.427
145,U3G+U12G,0.6094,0.0,-2.1068,0.0,0,0,0.66427,0.428
146,A1C+U3G+U12G,0.6094,0.0,-2.1174,0.0,0,0,0.63821,0.428
147,U7A+A16C,0.6094,4.6,-2.1218,4.6,1,0,0.0,0.431
148,A1U+U3A+U13G,0.6094,1.1,-2.1319,1.1,0,0,0.44101,0.446
149,A16U,0.6094,4.6,-2.1357,4.6,1,0,0.0,0.434
150,A1U+U3A+A18G,0.6094,1.1,-2.136,1.1,0,0,0.31598,0.438
151,A1G+U3G+U12C,0.6094,0.0,-2.1393,0.0,0,0,0.64811,0.431
152,A1C+U3G+U12C,0.6094,0.0,-2.1428,0.0,0,0,0.56252,0.427
153,A1G+U3G+U12G,0.6094,0.0,-2.1468,0.0,0,0,0.64786,0.432
154,A1C+U3A+G14A,0.6094,4.0,-2.1793,4.0,1,0,0.0,0.427
155,U3A+G14C,0.6094,3.9,-2.2153,3.9,1,0,0.0,0.428
156,U4C+C6U,0.6094,2.6,-2.2437,2.6,0,0,0.228,0.426
157,U3C+G14C,0.6094,3.9,-2.2657,3.9,1,0,0.0,0.437
158,A8C+G11A,0.6094,4.7,-2.2832,4.7,1,0,0.0,0.43
159,A1G+U3G+U13A,0.6094,1.1,-2.289,1.1,0,0,0.33338,0.429
160,U7C+G11A,0.6094,4.6,-2.2956,4.6,1,0,0.0,0.428
161,A1G+U3C+G14A,0.6094,4.0,-2.3047,4.0,1,0,0.0,0.443
162,A2C+U15C,0.6094,4.7,-2.3116,4.7,1,0,0.0,0.453
163,A1U+G11C+A16C,0.6094,4.6,-2.3243,4.6,1,0,0.0,0.442
164,U10C+U19C,0.6094,1.4,-2.356,1.4,0,0,0.81632,0.426
165,A2C+G14A,0.6094,4.0,-2.3609,4.0,1,0,0.0,0.427
166,A2G+G14C,0.6094,3.9,-2.5466,3.9,1,0,0.0,0.431
167,U13A+A16G,0.6094,1.4,-2.5653,1.4,0,0,0.04414,0.468
168,A8U,0.6094,4.6,-2.5833,4.6,2,0,0.0,0.443
169,A1G+A8U,0.6094,4.6,-2.5905,4.6,2,0,0.0,0.444
170,C9G+G14A,0.6094,2.9,-2.5987,2.9,1,0,0.0,0.427
171,A8G+U12C,0.6094,0.0,-2.6043,0.0,0,0,0.13087,0.449
172,A2G+U10G,0.6094,0.6,-2.6391,0.6,0,0,0.10192,0.429
173,A2G+A16C,0.6094,4.6,-2.6627,4.6,1,0,0.0,0.437
174,U3G+G14A,0.6094,4.0,-2.665,4.0,1,0,0.0,0.441
175,U10C+U12A,0.6094,1.3,-2.685,1.3,0,0,0.83689,0.427
176,U10A+G14A,0.6094,4.0,-2.7572,4.0,1,0,0.0,0.427
177,A2C+A16U,0.6094,4.6,-2.8563,4.6,1,0,0.0,0.433
178,C9U+U12G,0.6094,2.0,-2.8569,2.0,0,0,0.67008,0.43
179,A2G+U12G,0.6094,0.0,-2.8686,0.0,0,0,0.11547,0.423
180,U13G+G14U,0.6094,3.9,-2.8748,3.9,1,0,0.0,0.432
181,U12G+U13C,0.6094,0.7,-2.9128,0.7,0,0,0.52739,0.436
182,A2G+A18G,0.6094,1.1,-2.9142,1.1,0,0,0.01329,0.423
183,U5C+C6G,0.6094,3.8,-2.9549,3.8,4,0,0.0,0.428
184,A1C+U3G+C9G,0.6094,3.0,-2.9624,3.0,1,0,0.0,0.437
185,C9U+U10G,0.6094,2.6,-2.9875,2.6,0,0,0.27053,0.44
186,U10C+U13G,0.6094,1.1,-2.9934,1.1,0,0,0.18328,0.462
187,U12G+G14C,0.6094,3.9,-3.0362,3.9,1,0,0.0,0.428
188,A1C+U3G+C9A,0.6094,3.8,-3.0425,3.8,1,0,0.0,0.439
189,U3C+A8U,0.6094,4.6,-3.148,4.6,2,0,0.0,0.445
190,U7A+U12C,0.6094,4.6,-3.3185,4.6,1,0,0.0,0.477
191,U4C+A16U,0.6094,4.6,-3.4054,4.6,1,0,0.0,0.431
192,U12G+G14A,0.6094,4.0,-3.415,4.0,1,0,0.0,0.467
193,U5G+C6G+G17U+A18U,0.6094,2.9,-3.5433,2.9,0,0,0.47034,0.428
194,A8U+C9G+G14U+U15A,0.6094,2.7,-3.6557,2.7,0,0,0.49761,0.432
195,U4G+A18C,0.6094,1.9,-3.7478,1.9,2,0,0.0,0.432
196,A8U+U10G,0.6094,4.6,-4.0284,4.6,2,0,0.0,0.49
197,U5C+C9U+G14A+A18G,0.6094,1.0,-4.1328,1.0,0,0,0.38763,0.433
198,A8G+U15C,0.6301,-2.0,-0.422,-2.0,0,0,0.65476,0.431
199,U7C+A16G,0.6301,-2.0,-0.4462,-2.0,0,0,0.86297,0.427
200,A8C+U15G,0.6301,-2.2,-0.6822,-2.2,0,0,0.27749,0.431
201,U7G+A16C,0.928,-1.4,-0.6229,-1.4,0,0,0.86577,0.427
202,U5G+A18C,0.928,-1.9,-1.2203,-1.9,0,0,0.99221,0.426
203,U5C+A18G,0.928,-1.3,-1.4313,-1.3,0,0,0.93197,0.429
204,U5G+U7G+A16U+A18C,0.928,-1.2,-2.9754,-1.2,0,0,0.98108,0.426
