transcript,pos,mismatches,window,pfs,pfs_match
ENST00000269305.9|ENSG00000141510.19|OTTHUMG00000162125.10|OTTHUMT00000367397.3|TP53-201|TP53|2512|protein_coding|,859,0,AGTTCCTGCATGGGCGGCATGAAC,CGGAG,False
ENST00000359597.8|ENSG00000141510.19|OTTHUMG00000162125.10|OTTHUMT00000440237.1|TP53-202|TP53|1152|protein_coding|,717,0,AGTTCCTGCATGGGCGGCATGAAC,CGGAG,False
ENST00000413465.6|ENSG00000141510.19|OTTHUMG00000162125.10|OTTHUMT00000440236.1|TP53-203|TP53|1018|protein_coding|,717,0,AGTTCCTGCATGGGCGGCATGAAC,CGGAG,False
ENST00000420246.6|ENSG00000141510.19|OTTHUMG00000162125.10|OTTHUMT00000367401.1|TP53-204|TP53|2653|protein_coding|,850,0,AGTTCCTGCATGGGCGGCATGAAC,CGGAG,False
ENST00000445888.6|ENSG00000141510.19|OTTHUMG00000162125.10|OTTHUMT00000367398.2|TP53-205|TP53|2506|protein_coding|,853,0,AGTTCCTGCATGGGCGGCATGAAC,CGGAG,False
ENST00000455263.6|ENSG00000141510.19|OTTHUMG00000162125.10|OTTHUMT00000367400.1|TP53-206|TP53|2580|protein_coding|,850,0,AGTTCCTGCATGGGCGGCATGAAC,CGGAG,False
ENST00000503591.2|ENSG00000141510.19|OTTHUMG00000162125.10|OTTHUMT00000367399.2|TP53-207|TP53|2552|protein_coding|,899,0,AGTTCCTGCATGGGCGGCATGAAC,CGGAG,False
ENST00000504290.5|ENSG00000141510.19|OTTHUMG00000162125.10|OTTHUMT00000367402.2|TP53-208|TP53|2331|protein_coding|,599,0,AGTTCCTGCATGGGCGGCATGAAC,CGGAG,False
ENST00000504937.5|ENSG00000141510.19|OTTHUMG00000162125.10|OTTHUMT00000367404.2|TP53-209|TP53|2271|protein_coding|,599,0,AGTTCCTGCATGGGCGGCATGAAC,CGGAG,False
ENST00000508793.6|ENSG00000141510.19|OTTHUMG00000162125.10|OTTHUMT00000367410.2|TP53-211|TP53|2660|protein_coding|,999,0,AGTTCCTGCATGGGCGGCATGAAC,CGGAG,False
ENST00000509690.6|ENSG00000141510.19|OTTHUMG00000162125.10|OTTHUMT00000367411.2|TP53-212|TP53|2106|protein_coding|,453,0,AGTTCCTGCATGGGCGGCATGAAC,CGGAG,False
ENST00000510385.5|ENSG00000141510.19|OTTHUMG00000162125.10|OTTHUMT00000367403.2|TP53-213|TP53|2404|protein_coding|,599,0,AGTTCCTGCATGGGCGGCATGAAC,CGGAG,False
ENST00000514944.6|ENSG00000141510.19|OTTHUMG00000162125.10|OTTHUMT00000367409.2|TP53-214|TP53|2170|protein_coding|,517,0,AGTTCCTGCATGGGCGGCATGAAC,CGGAG,False
ENST00000576024.2|ENSG00000141510.19|OTTHUMG00000162125.10|OTTHUMT00000440238.1|TP53-217|TP53|2426|protein_coding|,880,0,AGTTCCTGCATGGGCGGCATGAAC,CGGAG,False
ENST00000604348.6|ENSG00000141510.19|OTTHUMG00000162125.10|OTTHUMT00000468199.2|TP53-218|TP53|2488|protein_coding|,835,0,AGTTCCTGCATGGGCGGCATGAAC,CGGAG,False
ENST00000610292.4|ENSG00000141510.19|OTTHUMG00000162125.10|OTTHUMT00000476360.2|TP53-219|TP53|2639|protein_coding|,967,0,AGTTCCTGCATGGGCGGCATGAAC,CGGAG,False
ENST00000610538.4|ENSG00000141510.19|OTTHUMG00000162125.10|OTTHUMT00000476703.1|TP53-220|TP53|2580|protein_coding|,850,0,AGTTCCTGCATGGGCGGCATGAAC,CGGAG,False
ENST00000610623.4|ENSG00000141510.19|OTTHUMG00000162125.10|OTTHUMT00000476702.1|TP53-221|TP53|2331|protein_coding|,599,0,AGTTCCTGCATGGGCGGCATGAAC,CGGAG,False
ENST00000618944.4|ENSG00000141510.19|OTTHUMG00000162125.10|OTTHUMT00000476358.1|TP53-222|TP53|2404|protein_coding|,599,0,AGTTCCTGCATGGGCGGCATGAAC,CGGAG,False
ENST00000619186.4|ENSG00000141510.19|OTTHUMG00000162125.10|OTTHUMT00000476357.1|TP53-223|TP53|2271|protein_coding|,599,0,AGTTCCTGCATGGGCGGCATGAAC,CGGAG,False
ENST00000619485.4|ENSG00000141510.19|OTTHUMG00000162125.10|OTTHUMT00000476704.1|TP53-224|TP53|2506|protein_coding|,853,0,AGTTCCTGCATGGGCGGCATGAAC,CGGAG,False
ENST00000620739.4|ENSG00000141510.19|OTTHUMG00000162125.10|OTTHUMT00000476359.1|TP53-225|TP53|2579|protein_coding|,907,0,AGTTCCTGCATGGGCGGCATGAAC,CGGAG,False
ENST00000622645.4|ENSG00000141510.19|OTTHUMG00000162125.10|OTTHUMT00000476361.1|TP53-226|TP53|2653|protein_coding|,850,0,AGTTCCTGCATGGGCGGCATGAAC,CGGAG,False
ENST00000635293.1|ENSG00000141510.19|OTTHUMG00000162125.10|OTTHUMT00000488608.1|TP53-227|TP53|1883|nonsense_mediated_decay|,860,0,AGTTCCTGCATGGGCGGCATGAAC,CGGAG,False
ENST00000714356.1|ENSG00000141510.19|OTTHUMG00000162125.10|-|TP53-228|TP53|1645|protein_coding|,980,0,AGTTCCTGCATGGGCGGCATGAAC,CGGAG,False
ENST00000714357.1|ENSG00000141510.19|OTTHUMG00000162125.10|-|TP53-229|TP53|2448|protein_coding|,787,0,AGTTCCTGCATGGGCGGCATGAAC,CGGAG,False
ENST00000714358.1|ENSG00000141510.19|OTTHUMG00000162125.10|-|TP53-230|TP53|2490|nonsense_mediated_decay|,837,0,AGTTCCTGCATGGGCGGCATGAAC,CGGAG,False
ENST00000714359.1|ENSG00000141510.19|OTTHUMG00000162125.10|-|TP53-231|TP53|2383|protein_coding|,834,0,AGTTCCTGCATGGGCGGCATGAAC,CGGAG,False
ENST00000714408.1|ENSG00000141510.19|OTTHUMG00000162125.10|-|TP53-232|TP53|2606|protein_coding|,859,0,AGTTCCTGCATGGGCGGCATGAAC,CGGAG,False
ENST00000714409.1|ENSG00000141510.19|OTTHUMG00000162125.10|-|TP53-233|TP53|3430|protein_coding|,859,0,AGTTCCTGCATGGGCGGCATGAAC,CGGAG,False
ENST00000264187.7|ENSG00000116962.15|OTTHUMG00000040071.3|OTTHUMT00000096647.3|NID1-201|NID1|5792|protein_coding|,3284,4,ACTTCCTACATGGACGGCACGAAC,CGGAG,False
ENST00000366595.7|ENSG00000116962.15|OTTHUMG00000040071.3|OTTHUMT00000097390.1|NID1-202|NID1|5412|protein_coding|,2904,4,ACTTCCTACATGGACGGCACGAAC,CGGAG,False
